title,content
공통 - 핵심 역량 목표 수립,
공통 - 핵심 역량 목표 달성률 평가,
공통 - 이번 주 할 일(업무) 검토,
공통 - WIL(What I Learned) 작성,
공통 - 팀 협업 룰/팁 정리 및 합의,
학습 - C컴파일/디버깅/make 사용법,
학습 - C언어 학습 (변수 & 함수 & 구조체 & 포인터),
학습 - Linked List & Stack & Queue & Binary Tree & Binary Search Tree,
구현 - Q1_A_LL.c,
구현 - Q2_A_LL.c,
구현 - Q3_A_LL.c,
구현 - Q4_A_LL.c,
구현 - Q5_A_LL.c,
구현 - Q6_A_LL.c,
구현 - Q7_A_LL.c,
구현 - Q1_C_SQ.c,
구현 - Q2_C_SQ.c,
구현 - Q3_C_SQ.c,
구현 - Q4_C_SQ.c,
구현 - Q5_C_SQ.c,
구현 - Q6_C_SQ.c,
구현 - Q7_C_SQ.c,
구현 - Q1_E_BT.c,
구현 - Q2_E_BT.c,
구현 - Q3_E_BT.c,
구현 - Q4_E_BT.c,
구현 - Q5_E_BT.c,
구현 - Q6_E_BT.c,
구현 - Q7_E_BT.c,
구현 - Q8_E_BT.c,
구현 - Q1_F_BST.c,
구현 - Q2_F_BST.c,
구현 - Q3_F_BST.c,
구현 - Q4_F_BST.c,
구현 - Q5_F_BST.c,
